Model,Accuracy,Precision,Recall,F1,Avg_time_per_image_s,N_samples
CLIP ViT-B/32,0.9714285714285714,0.9714285714285714,1.0,0.9855072463768116,0.5,70
Moondream,0.12857142857142856,1.0,0.10294117647058823,0.18666666666666668,5.0,70
LLaVA-7B-v1.6,0.17142857142857143,1.0,0.14705882352941177,0.2564102564102564,64.36142857142856,70
